<?xml version="1.0" encoding="utf-8"?>
<Defs>
	
	<ThingDef ParentName="BuildingBase" Name="INSWall_Base" Abstract="True">
		<thingClass>Building</thingClass>
    	<category>Building</category>
		<graphicData>
			<linkType>CornerFiller</linkType>
      		<linkFlags>
        		<li>Wall</li>
        		<li>Rock</li>
      		</linkFlags>
      		<damageData>
        		<cornerTL>Damage/Corner</cornerTL>
        		<cornerTR>Damage/Corner</cornerTR>
        		<cornerBL>Damage/Corner</cornerBL>
        		<cornerBR>Damage/Corner</cornerBR>
        		<edgeTop>Damage/Edge</edgeTop>
        		<edgeBot>Damage/Edge</edgeBot>
        		<edgeLeft>Damage/Edge</edgeLeft>
        		<edgeRight>Damage/Edge</edgeRight>
      		</damageData>
		</graphicData>
		<statBases>
			<MaxHitPoints>250</MaxHitPoints>
      		<WorkToBuild>180</WorkToBuild>
		</statBases>
		<leaveResourcesWhenKilled>false</leaveResourcesWhenKilled>
    	<altitudeLayer>Building</altitudeLayer>
    	<passability>Impassable</passability>
    	<blockWind>true</blockWind>
    	<castEdgeShadows>true</castEdgeShadows>
    	<fillPercent>1</fillPercent>
    	<coversFloor>true</coversFloor>
    	<placingDraggableDimensions>1</placingDraggableDimensions>
    	<tickerType>Never</tickerType>
    	<rotatable>false</rotatable>
    	<selectable>true</selectable>
    	<neverMultiSelect>true</neverMultiSelect>
		<useStuffTerrainAffordance>true</useStuffTerrainAffordance>
    	<terrainAffordanceNeeded>Medium</terrainAffordanceNeeded>
    	<holdsRoof>true</holdsRoof>
    	<designationCategory>Insulation_Desig</designationCategory>
    	<staticSunShadowHeight>1.0</staticSunShadowHeight>
    	<blockLight>true</blockLight>
    	<canOverlapZones>false</canOverlapZones>
    	<stuffCategories>
      		<li>Metallic</li>
      		<li>Woody</li>
      		<li>Stony</li>
    	</stuffCategories>
		<building>
			<isInert>true</isInert>
      		<ai_chillDestination>false</ai_chillDestination>	
		</building>
		<damageMultipliers Inherit="false">
      	<li>
        	<damageDef>Bomb</damageDef>
        	<multiplier>2.25</multiplier>
      	</li>
    	</damageMultipliers>
    	<designationHotKey>Misc3</designationHotKey>
	</ThingDef>

</Defs>