<?xml version="1.0" encoding="utf-8" ?>
<Patch>
	
	<Operation Class="PatchOperationFindMod">
		<mods>
			<li>Rimefeller</li>
		</mods>
		<match Class="PatchOperationSequence">
			<success>Always</success>
			<operations>
				<li Class="PatchOperationAdd">
				<xpath>/Defs</xpath>
					<value>
						<ThingDef ParentName="RefineryBase">
							<defName>INSPolymerRefinery</defName>
							<label>Polymer Insulation Refiner</label>
							<description>Processes chemfuel into polymer insulation.</description>
							<graphicData>
								<!--  <texPath>Rimefeller/Things/Building/SynthyleneRefinery</texPath> -->
								<texPath>Things/Building/RimeFeller/INSPolymerRefinery</texPath>
								<graphicClass>Graphic_Single</graphicClass>
								<drawSize>(4,4)</drawSize>
							</graphicData>
							<costList>
								<Steel>150</Steel>
								<ComponentIndustrial>3</ComponentIndustrial>
							</costList>
							<comps>
								<li Class="CompProperties_Power">
									<compClass>CompPowerTrader</compClass>
									<basePowerConsumption>1000</basePowerConsumption>
								</li>
								<li Class="Rimefeller.CompProperties_Refinery">
									<compClass>Rimefeller.CompRefineryNapalm</compClass>
									<Product>INSSlab_Polymer</Product>
									<StackSize>50</StackSize>
									<BufferSize>10</BufferSize>
									<ConsumeRate>0.2</ConsumeRate>
								</li>
							</comps>
							<researchPrerequisites>
								<li>InsulationPolymers</li>
								<li>SynthyleneProduction</li>
							</researchPrerequisites>
						</ThingDef>
					</value>
				</li>
				<li Class="PatchOperationAdd">
					<xpath>Defs/ThingDef[defName="RefineryLoadingBay"]/building/fixedStorageSettings/filter/thingDefs</xpath>
					<value>
						<li>INSSlab_Polymer</li>
					</value>
				</li>
			</operations>
		</match>
	</Operation>
	
</Patch>