<?xml version="1.0" encoding="utf-8" ?>
<Patch>
	
	<Operation Class="PatchOperationFindMod">
		<mods>
			<li>[v1.0]-LinkableDoors</li>
		</mods>
		<match Class="PatchOperationSequence">
			<success>Always</success>
			<operations>
				<li Class="PatchOperationReplace">
					<xpath>/Defs/ThingDef[@Name="INSDoor_Base"]/thingClass</xpath>
					<value>
						<thingClass>LinkableDoors.Building_LinkableDoor</thingClass>
					</value>
				</li>
				<li Class="PatchOperationAdd">
					<xpath>/Defs/ThingDef[@Name="INSDoor_Base"]/comps</xpath>
					<value>
						<li Class="LinkableDoors.CompProperties_Linkable">
							<linkableLimit>9999</linkableLimit>
						</li>
					</value>
				</li>
			</operations>
		</match>
	</Operation>
	
</Patch>