<?xml version="1.0" encoding="utf-8"?>
<Defs>

  	<ThingDef ParentName="INSDoor_Base">
    	<defName>INSDoorSimple_Hyper</defName>
    	<label>Insulated Door (Hyper)</label>
    	<description>An insulated door that divides rooms. Simple doors must be manually opened, which slows people down. The amount of slowdown depends on what the door is made of.</description>
    	<statBases>
      		<WorkToBuild>1000</WorkToBuild>
			<MaxHitPoints>120</MaxHitPoints>
      		<Flammability>0.4</Flammability>
			<Cleanliness>0.7</Cleanliness>
    	</statBases>
		<blockWind>true</blockWind>
    	<graphicData>
      		<texPath>Things/Building/Door/INSDoor_Hyper/INSDoorSimple_Hyper_Mover</texPath>
      		<graphicClass>Graphic_Single</graphicClass>
      		<damageData>
        		<enabled>false</enabled>
      		</damageData>
    	</graphicData>
    	<uiIconPath>Things/Building/Door/INSDoor_Hyper/INSDoorSimple_Hyper_MenuIcon</uiIconPath>
		<building>
			<blueprintGraphicData>
        		<texPath>Things/Building/Door/INSDoor_Hyper/INSDoor_Hyper_Blueprint</texPath>
      		</blueprintGraphicData>
		</building>
    	<costStuffCount>20</costStuffCount>
		<costList>
			<INSSlab_Hyper>10</INSSlab_Hyper>
		</costList>
    	<designationHotKey>Misc1</designationHotKey>
		<techLevel>Spacer</techLevel>
		<comps>
			<li Class="Insulation.CompProperties_BuildInsulation">
				<HeatTransferFactor>0.05</HeatTransferFactor>
				<InsulationStuff>true</InsulationStuff>
				<HitPointsNeed>0.25</HitPointsNeed>
			</li>
    	</comps>
		<constructionSkillPrerequisite>8</constructionSkillPrerequisite>
		<researchPrerequisites>
			<li>InsulationHyper</li>
    	</researchPrerequisites>
  	</ThingDef>
	
	<ThingDef ParentName="INSDoor_Base">
    	<defName>INSDoor_Hyper</defName>
    	<label>Insulated Autodoor (Hyper)</label>
    	<description>An insulated door that divides rooms. Powered operation allows people to move through the door without slowing down.</description>
    	<statBases>
      		<WorkToBuild>1250</WorkToBuild>
			<MaxHitPoints>120</MaxHitPoints>
      		<Flammability>0.4</Flammability>
			<Cleanliness>0.7</Cleanliness>
    	</statBases>
		<blockWind>true</blockWind>
    	<graphicData>
      		<texPath>Things/Building/Door/INSDoor_Hyper/INSDoor_Hyper_Mover</texPath>
      		<graphicClass>Graphic_Single</graphicClass>
      		<damageData>
        		<enabled>false</enabled>
      		</damageData>
    	</graphicData>
    	<uiIconPath>Things/Building/Door/INSDoor_Hyper/INSDoor_Hyper_MenuIcon</uiIconPath>
		<building>
			<blueprintGraphicData>
        		<texPath>Things/Building/Door/INSDoor_Hyper/INSDoor_Hyper_Blueprint</texPath>
      		</blueprintGraphicData>
		</building>
    	<costList>
      		<Steel>30</Steel>
			<INSSlab_Hyper>10</INSSlab_Hyper>
      		<ComponentIndustrial>2</ComponentIndustrial>
    	</costList>
    	<costStuffCount>25</costStuffCount>
		<techLevel>Spacer</techLevel>
    	<comps>
      		<li Class="CompProperties_Power">
        		<compClass>CompPowerTrader</compClass>
        		<basePowerConsumption>50</basePowerConsumption>
      		</li>
      		<li Class="CompProperties_Breakdownable"/>
			<li Class="Insulation.CompProperties_BuildInsulation">
				<HeatTransferFactor>0.05</HeatTransferFactor>
				<InsulationStuff>true</InsulationStuff>
				<HitPointsNeed>0.25</HitPointsNeed>
			</li>
    	</comps>
    	<designationHotKey>Misc2</designationHotKey>
    	<researchPrerequisites>
			<li>InsulationHyper</li>
      		<li>Autodoors</li>
    	</researchPrerequisites>
    	<constructionSkillPrerequisite>9</constructionSkillPrerequisite>
  	</ThingDef>

</Defs>